Workbook

Sheet Sheet1
A1: 经度 | B1: 纬度 | C1: 网点名称 | D1: 备注 | E1: 网组 | F1: 工号 | G1: 姓名 | H1: 县区 | I1: 调整
A2: =_xlfn.XLOOKUP(C2,[1]结果!$D:$D,[1]结果!$E:$E) -> 118.74578 | B2: =_xlfn.XLOOKUP(C2,[1]结果!$D:$D,[1]结果!$F:$F) -> 32.061349 | C2: 中国工商银行江苏省南京市城北支行营业部 | D2: 工商751 | E2: 019组 | F2: FJ10331281 | G2: 陈成 | H2: 南京鼓楼区 | I2: 调整后
A3: =_xlfn.XLOOKUP(C3,[1]结果!$D:$D,[1]结果!$E:$E) -> 118.78702 | B3: =_xlfn.XLOOKUP(C3,[1]结果!$D:$D,[1]结果!$F:$F) -> 32.068909 | C3: 中国工商银行南京城北支行大方巷支行 | D3: 工商752 | E3: 019组 | F3: FJ10331281 | G3: 陈成 | H3: 南京鼓楼区 | I3: 调整后
A4: =_xlfn.XLOOKUP(C4,[1]结果!$D:$D,[1]结果!$E:$E) -> 118.76294 | B4: =_xlfn.XLOOKUP(C4,[1]结果!$D:$D,[1]结果!$F:$F) -> 32.069713 | C4: 中国工商银行南京城北支行草场门支行 | D4: 工商753 | E4: 019组 | F4: FJ10331281 | G4: 陈成 | H4: 南京鼓楼区 | I4: 调整后
A5: =_xlfn.XLOOKUP(C5,[1]结果!$D:$D,[1]结果!$E:$E) -> 118.79079 | B5: =_xlfn.XLOOKUP(C5,[1]结果!$D:$D,[1]结果!$F:$F) -> 32.06861 | C5: 交通银行股份有限公司南京中央门支行 | D5: 交通218 | E5: 019组 | F5: FJ10331281 | G5: 陈成 | H5: 南京鼓楼区 | I5: 调整后
A6: =_xlfn.XLOOKUP(C6,[1]结果!$D:$D,[1]结果!$E:$E) -> 118.74481 | B6: =_xlfn.XLOOKUP(C6,[1]结果!$D:$D,[1]结果!$F:$F) -> 32.216063 | C6: 中国邮政银行南京市古林营业所 | D6: 邮政2068 | E6: 019组 | F6: FJ10331281 | G6: 陈成 | H6: 南京鼓楼区 | I6: 调整后
A7: =_xlfn.XLOOKUP(C7,[1]结果!$D:$D,[1]结果!$E:$E) -> 118.75827 | B7: =_xlfn.XLOOKUP(C7,[1]结果!$D:$D,[1]结果!$F:$F) -> 32.064728 | C7: 中国工商银行南京城北支行龙江支行 | D7: 工商754 | E7: 020组 | F7: FJ10331281 | G7: 陈成 | H7: 南京鼓楼区 | I7: 调整后
A8: =_xlfn.XLOOKUP(C8,[1]结果!$D:$D,[1]结果!$E:$E) -> 118.78476 | B8: =_xlfn.XLOOKUP(C8,[1]结果!$D:$D,[1]结果!$F:$F) -> 32.075117 | C8: 中国工商银行南京城北支行狮子桥支行 | D8: 工商755 | E8: 020组 | F8: FJ10331281 | G8: 陈成 | H8: 南京建邺区 | I8: 调整后
A9: =_xlfn.XLOOKUP(C9,[1]结果!$D:$D,[1]结果!$E:$E) -> 118.74461 | B9: =_xlfn.XLOOKUP(C9,[1]结果!$D:$D,[1]结果!$F:$F) -> 32.063774 | C9: 中国银行股份有限公司南京草场门支行 | D9: 中国667 | E9: 020组 | F9: FJ10331281 | G9: 陈成 | H9: 南京建邺区 | I9: 调整后
A10: =_xlfn.XLOOKUP(C10,[1]结果!$D:$D,[1]结果!$E:$E) -> 118.72848 | B10: =_xlfn.XLOOKUP(C10,[1]结果!$D:$D,[1]结果!$F:$F) -> 32.213463 | C10: 中国邮政银行南京市北崮山营业所 | D10: 邮政2069 | E10: 020组 | F10: FJ10331281 | G10: 陈成 | H10: 南京建邺区 | I10: 调整后
A11: =_xlfn.XLOOKUP(C11,[1]结果!$D:$D,[1]结果!$E:$E) -> 118.77871 | B11: =_xlfn.XLOOKUP(C11,[1]结果!$D:$D,[1]结果!$F:$F) -> 32.074916 | C11: 中国邮政储蓄银行股份有限公司南京市山西路支行 | D11: 邮政2070 | E11: 020组 | F11: FJ10331281 | G11: 陈成 | H11: 南京建邺区 | I11: 调整后
A12: =_xlfn.XLOOKUP(C12,[1]结果!$D:$D,[1]结果!$E:$E) -> 118.78174 | B12: =_xlfn.XLOOKUP(C12,[1]结果!$D:$D,[1]结果!$F:$F) -> 32.096686 | C12: 恒丰银行南京分行城北支行 | D12: 恒丰19 | E12: 020组 | F12: FJ10331281 | G12: 陈成 | H12: 南京建邺区 | I12: 调整后
A13: =_xlfn.XLOOKUP(C13,[1]结果!$D:$D,[1]结果!$E:$E) -> 118.74578 | B13: =_xlfn.XLOOKUP(C13,[1]结果!$D:$D,[1]结果!$F:$F) -> 32.061349 | C13: 中国工商银行江苏省南京市城北支行营业部 | D13: 工商751 | E13: 019组 | F13: FJ10331281 | G13: 陈成 | H13: 南京鼓楼区 | I13: 调整前路途
... A17: =_xlfn.XLOOKUP(C17,[1]结果!$D:$D,[1]结果!$E:$E) -> 118.74481 | B17: =_xlfn.XLOOKUP(C17,[1]结果!$D:$D,[1]结果!$F:$F) -> 32.216063 | C17: 中国邮政银行南京市古林营业所 | D17: 邮政2068 | E17: 019组 | F17: FJ10331281 | G17: 陈成 | H17: 南京鼓楼区 | I17: 调整前路途
